CREATE TABLE members (
  memid integer NOT NULL, 
  surname character varying(200) NOT NULL, 
  firstname character varying(200) NOT NULL, 
  address character varying(300) NOT NULL, 
  zipcode integer NOT NULL, 
  telephone character varying(20) NOT NULL, 
  recommendedby integer,
  joindate timestamp NOT NULL,
  CONSTRAINT members_pk PRIMARY KEY (memid),
  CONSTRAINT fk_members_recommendedby FOREIGN KEY (recommendedby)
    REFERENCES members(memid) ON DELETE SET NULL
);

CREATE TABLE facilities (
  facid integer NOT NULL,
  name character varying(100) NOT NULL,
  membercost numeric NOT NULL,
  guestcost numeric NOT NULL,
  initialoutlay numeric NOT NULL,
  monthlymaintenance numeric NOT NULL,
  CONSTRAINT facilities_pk PRIMARY KEY (facid)
);

CREATE TABLE bookings (
  bookid integer NOT NULL,
  facid integer NOT NULL,
  memid integer NOT NULL,
  starttime timestamp NOT NULL,
  slots integer NOT NULL,
  CONSTRAINT bookings_pk PRIMARY KEY (bookid),
  CONSTRAINT fk_bookings_facid FOREIGN KEY (facid) REFERENCES facilities(facid),
  CONSTRAINT fk_bookings_memid FOREIGN KEY (memid) REFERENCES members(memid)
);

INSERT INTO members (memid, surname, firstname, address, zipcode, telephone, recommendedby, joindate) VALUES
(1, 'Smith', 'John', '123 Main St', 12345, '555-1234', NULL, '2024-01-01 10:00:00'),
(2, 'Johnson', 'Emily', '456 Elm St', 54321, '555-5678', NULL, '2024-01-02 11:00:00'),
(3, 'Williams', 'Michael', '789 Oak St', 67890, '555-9012', 1, '2024-01-03 12:00:00'),
(4, 'Brown', 'Sarah', '321 Pine St', 09876, '555-3456', 2, '2024-01-04 13:00:00'),
(5, 'Jones', 'David', '654 Maple St', 34567, '555-7890', 3, '2024-01-05 14:00:00'),
(6, 'Miller', 'Jessica', '987 Birch St', 23456, '555-2345', 4, '2024-01-06 15:00:00'),
(7, 'Davis', 'James', '159 Walnut St', 45678, '555-6789', 5, '2024-01-07 16:00:00'),
(8, 'Garcia', 'Amanda', '357 Cedar St', 56789, '555-0123', 6, '2024-01-08 17:00:00'),
(9, 'Rodriguez', 'Daniel', '753 Fir St', 67890, '555-4567', 7, '2024-01-09 18:00:00'),
(10, 'Martinez', 'Linda', '852 Spruce St', 78901, '555-8901', 8, '2024-01-10 19:00:00'),
(11, 'Hernandez', 'Chris', '456 Pineapple St', 90123, '555-2345', 9, '2024-01-11 20:00:00'),
(12, 'Lopez', 'Karen', '987 Orange St', 34567, '555-6789', 10, '2024-01-12 21:00:00'),
(13, 'Gonzalez', 'Robert', '159 Banana St', 67890, '555-0123', 11, '2024-01-13 22:00:00'),
(14, 'Wilson', 'Mary', '357 Mango St', 23456, '555-4567', 12, '2024-01-14 23:00:00'),
(15, 'Anderson', 'Steven', '753 Grape St', 45678, '555-8901', 13, '2024-01-15 00:00:00'),
(16, 'Thomas', 'Laura', '852 Lemon St', 56789, '555-2345', 14, '2024-01-16 01:00:00'),
(17, 'Taylor', 'Kevin', '456 Lime St', 67890, '555-6789', 15, '2024-01-17 02:00:00'),
(18, 'Moore', 'Jennifer', '987 Cherry St', 78901, '555-0123', 16, '2024-01-18 03:00:00'),
(19, 'Jackson', 'Mark', '159 Blueberry St', 90123, '555-4567', 17, '2024-01-19 04:00:00'),
(20, 'White', 'Amy', '357 Raspberry St', 12345, '555-8901', 18, '2024-01-20 05:00:00');

INSERT INTO facilities (facid, name, membercost, guestcost, initialoutlay, monthlymaintenance) VALUES
(1, 'Tennis Court 1', 5.00, 10.00, 1000.00, 200.00),
(2, 'Tennis Court 2', 5.00, 10.00, 1000.00, 200.00),
(3, 'Badminton Court', 2.00, 5.00, 500.00, 50.00),
(4, 'Table Tennis', 1.00, 2.00, 100.00, 10.00),
(5, 'Massage Room 1', 10.00, 20.00, 3000.00, 500.00),
(6, 'Massage Room 2', 10.00, 20.00, 3000.00, 500.00),
(7, 'Squash Court', 3.00, 6.00, 1500.00, 100.00),
(8, 'Snooker Table', 2.00, 4.00, 450.00, 15.00),
(9, 'Pool Table', 2.00, 4.00, 400.00, 20.00);

INSERT INTO bookings (bookid, facid, memid, starttime, slots) VALUES
(1, 1, 1, '2024-01-01 08:00:00', 1),
(2, 1, 2, '2024-01-01 09:00:00', 1),
(3, 2, 3, '2024-01-01 10:00:00', 1),
(4, 2, 4, '2024-01-01 11:00:00', 1),
(5, 3, 5, '2024-01-01 12:00:00', 1),
(6, 3, 6, '2024-01-01 13:00:00', 1),
(7, 4, 7, '2024-01-01 14:00:00', 1),
(8, 4, 8, '2024-01-01 15:00:00', 1),
(9, 5, 9, '2024-01-01 16:00:00', 1),
(10, 5, 10, '2024-01-01 17:00:00', 1),
(11, 6, 11, '2024-01-01 18:00:00', 1),
(12, 6, 12, '2024-01-01 19:00:00', 1),
(13, 7, 13, '2024-01-01 20:00:00', 1),
(14, 7, 14, '2024-01-01 21:00:00', 1),
(15, 8, 15, '2024-01-01 22:00:00', 1),
(16, 8, 16, '2024-01-01 23:00:00', 1),
(17, 9, 17, '2024-01-02 08:00:00', 1),
(18, 9, 18, '2024-01-02 09:00:00', 1),
(19, 1, 19, '2024-01-02 10:00:00', 1),
(20, 1, 20, '2024-01-02 11:00:00', 1);


INSERT INTO bookings (bookid, facid, memid, starttime, slots) VALUES
(21, 2, 1, '2024-01-02 12:00:00', 1),
(22, 3, 2, '2024-01-02 13:00:00', 1),
(23, 4, 3, '2024-01-02 14:00:00', 1),
(24, 5, 4, '2024-01-02 15:00:00', 1),
(25, 6, 5, '2024-01-02 16:00:00', 1),
(26, 7, 6, '2024-01-02 17:00:00', 1),
(27, 8, 7, '2024-01-02 18:00:00', 1),
(28, 9, 8, '2024-01-02 19:00:00', 1),
(29, 1, 9, '2024-01-02 20:00:00', 1),
(30, 2, 10, '2024-01-02 21:00:00', 1),
(31, 3, 11, '2024-01-02 22:00:00', 1),
(32, 4, 12, '2024-01-02 23:00:00', 1),
(33, 5, 13, '2024-01-03 08:00:00', 1),
(34, 6, 14, '2024-01-03 09:00:00', 1),
(35, 7, 15, '2024-01-03 10:00:00', 1),
(36, 8, 16, '2024-01-03 11:00:00', 1),
(37, 9, 17, '2024-01-03 12:00:00', 1),
(38, 1, 18, '2024-01-03 13:00:00', 1),
(39, 2, 19, '2024-01-03 14:00:00', 1),
(40, 3, 20, '2024-01-03 15:00:00', 1),
(41, 4, 1, '2024-01-03 16:00:00', 1),
(42, 5, 2, '2024-01-03 17:00:00', 1),
(43, 6, 3, '2024-01-03 18:00:00', 1),
(44, 7, 4, '2024-01-03 19:00:00', 1),
(45, 8, 5, '2024-01-03 20:00:00', 1),
(46, 9, 6, '2024-01-03 21:00:00', 1),
(47, 1, 7, '2024-01-03 22:00:00', 1),
(48, 2, 8, '2024-01-03 23:00:00', 1),
(49, 3, 9, '2024-01-04 08:00:00', 1),
(50, 4, 10, '2024-01-04 09:00:00', 1),
(51, 5, 11, '2024-01-04 10:00:00', 1),
(52, 6, 12, '2024-01-04 11:00:00', 1),
(53, 7, 13, '2024-01-04 12:00:00', 1),
(54, 8, 14, '2024-01-04 13:00:00', 1),
(55, 9, 15, '2024-01-04 14:00:00', 1),
(56, 1, 16, '2024-01-04 15:00:00', 1),
(57, 2, 17, '2024-01-04 16:00:00', 1),
(58, 3, 18, '2024-01-04 17:00:00', 1),
(59, 4, 19, '2024-01-04 18:00:00', 1),
(60, 5, 20, '2024-01-04 19:00:00', 1),
(61, 6, 1, '2024-01-04 20:00:00', 1),
(62, 7, 2, '2024-01-04 21:00:00', 1),
(63, 8, 3, '2024-01-04 22:00:00', 1),
(64, 9, 4, '2024-01-04 23:00:00', 1),
(65, 1, 5, '2024-01-05 08:00:00', 1),
(66, 2, 6, '2024-01-05 09:00:00', 1),
(67, 3, 7, '2024-01-05 10:00:00', 1),
(68, 4, 8, '2024-01-05 11:00:00', 1),
(69, 5, 9, '2024-01-05 12:00:00', 1),
(70, 6, 10, '2024-01-05 13:00:00', 1);

INSERT INTO bookings (bookid, facid, memid, starttime, slots) VALUES
(101, 1, 0, '2024-01-01 08:00:00', 1),
(102, 2, 0, '2024-01-01 09:00:00', 1),
(103, 3, 0, '2024-01-01 10:00:00', 1),
(104, 4, 0, '2024-01-01 11:00:00', 1),
(105, 5, 0, '2024-01-01 12:00:00', 1),
(106, 6, 0, '2024-01-01 13:00:00', 1),
(107, 7, 0, '2024-01-01 14:00:00', 1),
(108, 8, 0, '2024-01-01 15:00:00', 1),
(109, 9, 0, '2024-01-01 16:00:00', 1);

-- February bookings
INSERT INTO bookings (bookid, facid, memid, starttime, slots) VALUES
(111, 1, 0, '2024-02-01 08:00:00', 1),
(112, 2, 0, '2024-02-01 09:00:00', 1),
(113, 3, 0, '2024-02-01 10:00:00', 1),
(114, 4, 0, '2024-02-01 11:00:00', 1),
(115, 5, 0, '2024-02-01 12:00:00', 1);

-- March bookings
INSERT INTO bookings (bookid, facid, memid, starttime, slots) VALUES
(116, 6, 0, '2024-03-01 13:00:00', 1),
(117, 7, 0, '2024-03-01 14:00:00', 1),
(118, 8, 0, '2024-03-01 15:00:00', 1),
(119, 9, 0, '2024-03-01 16:00:00', 1),
(120, 9, 0, '2024-03-01 17:00:00', 1);

-- April bookings
INSERT INTO bookings (bookid, facid, memid, starttime, slots) VALUES
(121, 1, 0, '2024-04-01 08:00:00', 1),
(122, 2, 0, '2024-04-01 09:00:00', 1),
(123, 3, 0, '2024-04-01 10:00:00', 1),
(124, 4, 0, '2024-04-01 11:00:00', 1),
(125, 5, 0, '2024-04-01 12:00:00', 1);

-- Guest bookings in February
INSERT INTO bookings (bookid, facid, memid, starttime, slots) VALUES
(191, 1, 0, '2024-02-01 08:00:00', 1),
(192, 2, 0, '2024-02-01 09:00:00', 1),
(193, 3, 0, '2024-02-01 10:00:00', 1),
(194, 4, 0, '2024-02-01 11:00:00', 1),
(195, 5, 0, '2024-02-01 12:00:00', 1);

-- Normal member bookings in February
INSERT INTO bookings (bookid, facid, memid, starttime, slots) VALUES
(201, 1, 1, '2024-02-02 08:00:00', 1),
(202, 2, 2, '2024-02-02 09:00:00', 1),
(203, 3, 3, '2024-02-02 10:00:00', 1),
(204, 4, 4, '2024-02-02 11:00:00', 1),
(205, 5, 5, '2024-02-02 12:00:00', 1);

-- Guest bookings in March
INSERT INTO bookings (bookid, facid, memid, starttime, slots) VALUES
(106, 6, 0, '2024-03-01 13:00:00', 1),
(107, 7, 0, '2024-03-01 14:00:00', 1),
(108, 8, 0, '2024-03-01 15:00:00', 1),
(109, 9, 0, '2024-03-01 16:00:00', 1),
(110, 9, 0, '2024-03-01 17:00:00', 1);

-- Normal member bookings in March
INSERT INTO bookings (bookid, facid, memid, starttime, slots) VALUES
(206, 1, 6, '2024-03-02 08:00:00', 1),
(207, 2, 7, '2024-03-02 09:00:00', 1),
(208, 3, 8, '2024-03-02 10:00:00', 1),
(209, 4, 9, '2024-03-02 11:00:00', 1),
(210, 5, 10, '2024-03-02 12:00:00', 1);

-- Guest bookings in April
INSERT INTO bookings (bookid, facid, memid, starttime, slots) VALUES
(111, 1, 0, '2024-04-01 08:00:00', 1),
(112, 2, 0, '2024-04-01 09:00:00', 1),
(113, 3, 0, '2024-04-01 10:00:00', 1),
(114, 4, 0, '2024-04-01 11:00:00', 1),
(115, 5, 0, '2024-04-01 12:00:00', 1);

-- Normal member bookings in April
INSERT INTO bookings (bookid, facid, memid, starttime, slots) VALUES
(211, 1, 11, '2024-04-02 08:00:00', 1),
(212, 2, 12, '2024-04-02 09:00:00', 1),
(213, 3, 13, '2024-04-02 10:00:00', 1),
(214, 4, 14, '2024-04-02 11:00:00', 1),
(215, 5, 15, '2024-04-02 12:00:00', 1);

